CITY_CODE;CITY_NAME;Y2010;Y2020;Y2030;Y2040;Y2050
AT001C1;Wien;1742638;1886443;2010474;2110355;2151946
AT002C1;Graz;276918;309526;320079;340298;332674
AT003C1;Linz;206549;235329;246723;257557;254959
AT004C1;Salzburg;162853;188205;199237;214989;216391
AT005C1;Innsbruck;129042;144156;153534;161971;164039
AT006C1;Klagenfurt;107840;124657;128257;136052;133826
BE001C1;Bruxelles / Brussel;1063350;1158487;1224022;1252902;1273619
BE002C1;Antwerpen;472872;494052;512131;509381;506287
BE003C1;Gent;240254;253556;263192;265801;268348
BE004C1;Charleroi;209773;228324;240884;251536;256614
BE005C1;Liège;368616;395720;414974;422288;421811
BE006C1;Brugge;119213;124228;126611;126776;125809
BE007C1;Namur;115938;130849;142455;159666;173951
BE008C1;Leuven;100147;118466;135207;151583;163727
BE009C1;Mons;103969;124710;139125;161489;178453
BE010C1;Kortrijk;80656;90075;95626;103394;105844
BE011C1;Oostende;73294;78649;81126;82391;82262
BG001C1;Sofia;1091763;1114184;1102604;1106200;1102899
BG002C1;Plovdiv;312988;299702;273973;256921;235261
BG003C1;Varna;297837;282789;260836;248638;233390
BG004C1;Burgas;173127;162635;150365;141974;132357
BG005C1;Pleven;92150;80319;68550;59940;50970
BG006C1;Ruse;128286;112974;98700;87054;76970
BG007C1;Vidin;46655;41913;36382;32980;28201
BG008C1;Stara Zagora;125792;115203;105456;96973;89071
BG009C1;Sliven;94212;90468;84828;83350;79040
BG010C1;Dobrich;91486;86423;79462;75346;69792
BG011C1;Shumen;83032;77119;70285;65509;60398
BG012C1;Pernik;87477;95493;97777;106064;111806
BG013C1;Yambol;79018;79434;75799;76367;73868
BG014C1;Haskovo;77351;75075;69262;66873;62093
BG015C1;Pazardzhik;78687;80336;75599;75145;70947
BG016C1;Blagoevgrad;69347;71216;70610;71013;70521
BG017C1;Veliko Tarnovo;63367;58053;51663;47691;43138
BG018C1;Vratsa;59303;54978;48406;45148;39950
CY001C1;Lefkosia;259329;281323;289860;300522;306731
CY501C1;Lemesos;205931;221479;225706;231386;237275
CZ001C1;Praha;1252480;1381564;1487311;1581954;1667394
CZ002C1;Brno;385773;417002;432246;448226;458591
CZ003C1;Ostrava;306588;308079;301031;295268;285417
CZ004C1;Plzen;175956;199376;211754;227922;237581
CZ005C1;Ústí nad Labem;93895;97741;98352;99605;99598
CZ006C1;Olomouc;103021;107588;107834;105712;103270
CZ007C1;Liberec;107667;121649;129183;138195;144542
CZ008C1;Ceské Budejovice;102204;113906;119788;125226;127865
CZ009C1;Hradec Králové;98940;106823;110774;114534;117155
CZ010C1;Pardubice;89613;90981;90108;86799;84074
CZ011C1;Zlín;79275;82893;83106;82607;81068
CZ012C1;Kladno;68385;70945;73224;73148;72623
CZ013C1;Karlovy Vary;51178;52380;52624;52434;52273
CZ014C1;Jihlava;54119;64353;70212;76107;83226
CZ015C1;Havírov;79335;79109;76756;74375;71383
CZ016C1;Most;73053;77723;78906;80982;81239
CZ017C1;Karviná;54540;51932;49253;45689;42992
CZ018C2;Chomutov-Jirkov;74365;74851;73479;72132;69925
DE001C1;Berlin;3355630;3434304;3525832;3521000;3554328
DE002C1;Hamburg;1816544;1870668;1879661;1868618;1825298
DE003C1;München;1329163;1450499;1545776;1608962;1655356
DE004C1;Köln;981444;994146;997451;988390;969060
DE005C1;Frankfurt am Main;651870;674085;690547;690050;689004
DE006C1;Essen;577207;571229;566815;553312;534846
DE007C1;Stuttgart;604822;634927;648258;651965;643635
DE008C1;Leipzig;488602;484113;471677;454525;435180
DE009C1;Dresden;469660;465376;448743;421744;400858
DE010C1;Dortmund;567747;557824;547499;526472;493198
DE011C1;Düsseldorf;545063;540457;536987;525482;508647
DE012C1;Bremen;557412;565797;565192;551203;536562
DE013C1;Hannover;521803;525607;519840;496717;480053
DE014C1;Nürnberg;512278;534278;548014;553616;553083
DE015C1;Bochum;382448;378647;374474;361407;340518
DE017C1;Bielefeld;323612;323898;319809;310619;290640
DE018C1;Halle an der Saale;237974;226585;210239;193818;169356
DE019C1;Magdeburg;219943;205626;188754;169564;146729
DE020C1;Wiesbaden;271946;285380;298562;308687;317497
DE021C1;Göttingen;123860;125309;126197;123628;119460
DE022C1;Mülheim a.d.Ruhr;170677;171524;171425;171724;167475
DE023C1;Moers;105717;104128;102834;101951;98429
DE025C1;Darmstadt;141083;147744;153299;156997;158682
DE026C1;Trier;103485;110205;111096;110435;106613
DE027C1;Freiburg im Breisgau;210431;209128;207800;198562;191302
DE028C1;Regensburg;140133;152009;154384;158742;153741
DE029C1;Frankfurt (Oder);61702;67849;72601;77278;80558
DE030C1;Weimar;61345;59280;55708;51148;45466
DE031C1;Schwerin;93055;90699;84271;77274;68761
DE032C1;Erfurt;179510;163126;147670;127236;109047
DE033C1;Augsburg;276634;291392;298617;300858;295946
DE034C1;Bonn;311914;313519;313941;310208;302872
DE035C1;Karlsruhe;283356;289889;293566;292089;287211
DE036C1;Mönchengladbach;252016;242838;235604;228014;216017
DE037C1;Mainz;190899;192292;191605;185361;179494
DE039C1;Kiel;235985;242792;244739;240292;235935
DE040C1;Saarbrücken;173339;172684;172697;164153;152860
DE041C1;Potsdam;145590;155181;162558;168717;173465
DE042C1;Koblenz;108385;111581;112258;109376;102366
DE043C1;Rostock;200069;194783;180431;165983;147123
DE044C1;Kaiserslautern;99664;102043;103040;103412;100791
DE045C1;Iserlohn;97589;97828;96592;96034;90841
DE046C1;Esslingen am Neckar;93117;97096;99263;100475;99179
DE047C1;Hanau;88053;94186;99920;105255;108557
DE048C1;Wilhelmshaven;83746;82030;80594;77515;73169
DE049C1;Ludwigsburg;90205;94500;96814;98288;97194
DE050C1;Tübingen;89834;96284;99260;101487;99991
DE051C1;Villingen-Schwenningen;88091;95671;99853;104744;105702
DE052C1;Flensburg;90463;94752;96351;97726;96587
DE053C1;Marburg;79906;81864;83366;81727;78082
DE054C1;Konstanz;82799;86807;88830;90308;89697
DE055C1;Neumünster;83202;89142;91882;95517;95707
DE056C1;Brandenburg an der Havel;80129;90750;97520;106890;112046
DE057C1;Gießen;77646;81920;84952;85084;82208
DE058C1;Lüneburg;77790;83349;85904;89643;89616
DE059C1;Bayreuth;80342;87583;90617;92257;88223
DE060C1;Celle;81283;91283;96468;105074;106509
DE061C1;Aschaffenburg;72339;74035;74234;71822;67565
DE062C1;Bamberg;73847;77034;77473;76281;71118
DE063C1;Plauen;69987;70338;69344;68212;65563
DE064C1;Neubrandenburg;72881;75420;71929;69115;63044
DE065C1;Fulda;69100;72567;74376;74382;71716
DE066C1;Kempten (Allgäu);65138;71195;74636;78073;78281
DE067C1;Landshut;73460;89992;97414;110454;111009
DE068C1;Sindelfingen;64401;69188;71701;73967;74114
DE069C1;Rosenheim;64356;73390;80871;88908;93693
DE070C1;Frankenthal (Pfalz);49894;53384;55413;57400;57535
DE071C1;Stralsund;61657;61672;58174;55627;50358
DE072C1;Friedrichshafen;63849;73475;79545;85745;87903
DE073C1;Offenburg;61977;66842;69776;73484;74020
DE074C1;Görlitz;61161;64292;64178;64646;63521
DE075C1;Sankt Augustin;59582;64885;68122;73764;75855
DE076C1;Neu-Ulm;53048;55807;57455;58404;57704
DE077C1;Schweinfurt;58732;62683;64350;64347;61878
DE078C1;Greifswald;56016;56326;53338;51065;46256
DE079C1;Wetzlar;56382;60583;63104;64570;62861
DE080C1;Speyer;53552;58127;60473;63307;63804
DE081C1;Passau;59804;72054;77905;87794;88057
DE082C1;Dessau-Roßlau;89192;79991;68355;56652;45067
DE501C1;Duisburg;494915;495961;495669;489630;477006
DE502C1;Mannheim;321062;337129;345345;351926;350974
DE503C1;Gelsenkirchen;270812;286240;292285;294116;287092
DE504C1;Münster;270730;274062;274515;274324;263477
DE505C1;Chemnitz;245108;246671;243331;239314;229501
DE506C1;Braunschweig;248365;249890;249835;244027;234737
DE507C1;Aachen;255639;264127;269819;276302;274739
DE508C1;Krefeld;236027;234625;232419;231386;223884
DE509C1;Oberhausen;220158;225289;228044;230378;227264
DE510C1;Lübeck;218787;225999;228784;229499;225380
DE511C1;Hagen;188198;183248;179745;171513;160763
DE513C1;Kassel;208007;218848;224231;221397;212606
DE514C1;Hamm;171045;156924;146603;133571;118888
DE515C1;Herne;171914;171813;171421;166120;157412
DE516C1;Solingen;167786;173970;177070;184524;183430
DE517C1;Osnabrück;167939;174427;177170;178943;176254
DE518C1;Ludwigshafen am Rhein;167932;175780;178715;178806;176649
DE519C1;Leverkusen;165649;174217;179079;186246;187200
DE520C1;Oldenburg (Oldenburg);165996;172714;174139;176683;173592
DE521C1;Neuss;145796;143384;141569;138478;133278
DE522C1;Heidelberg;146910;155792;161068;167508;168231
DE523C1;Paderborn;152920;159442;160667;163094;155646
DE524C1;Würzburg;139795;144624;145873;142427;134491
DE525C1;Recklinghausen;123483;128902;130460;131736;128066
DE526C1;Wolfsburg;120138;115891;112014;106044;98672
DE527C1;Bremerhaven;120636;124718;125845;126157;123358
DE528C1;Bottrop;121119;127797;130716;134091;131486
DE529C1;Heilbronn;123728;130396;134117;136897;135929
DE530C1;Remscheid;112555;107817;103926;100736;94639
DE531C1;Offenbach am Main;119279;125337;130189;133151;134802
DE532C1;Ulm;127999;135379;138565;139555;136764
DE533C1;Pforzheim;120043;124100;126569;128260;126716
DE534C1;Ingolstadt;136326;163063;184229;209912;225326
DE535C1;Gera;106550;106012;101713;96626;87706
DE536C1;Salzgitter;108112;105888;102912;98860;92714
DE537C1;Reutlingen;120840;129980;134228;137747;135896
DE538C1;Fürth;115996;121240;124815;127218;127166
DE539C1;Cottbus;117021;132178;142039;157229;164474
DE540C1;Siegen;106096;102820;97594;94688;86386
DE541C1;Bergisch Gladbach;106029;109065;111331;113392;112258
DE542C1;Hildesheim;105829;108595;109410;109067;106402
DE543C1;Witten;96711;93062;89339;85366;78655
DE544C1;Zwickau;100878;102917;101803;101188;97644
DE545C1;Erlangen;105845;110411;113567;115634;115346
DE546C1;Wuppertal;345581;334401;327559;314537;300091
DE547C1;Jena;105918;108404;106370;103751;95457
DK001K2;København;1027806;1088505;1160981;1223494;1274511
DK002C1;Århus;270127;283566;297981;312763;327378
DK003C1;Odense;170318;171353;172130;171013;166728
DK004C2;Aalborg;180781;185929;188255;189018;187163
EE001C1;Tallinn;403098;422214;400230;414658;402947
EE002C1;Tartu;107018;114019;108557;113933;111034
EE003C1;Narva;66074;69639;65712;68771;66553
EL001K1;Athina;3124433;2971374;2744894;2581742;2397151
EL002C1;Thessaloniki;395238;411911;389706;408844;411443
EL003C1;Pátra;164488;193316;179270;187099;180951
EL004C1;Irakleio;157761;187565;184825;197969;199910
EL005C1;Larisa;140822;152004;142238;151938;155751
EL006C1;Volos;92415;100086;93813;102203;106545
EL007C1;Ioannina;90924;111292;105906;118111;125982
EL008C1;Kavala;62887;73687;70518;74764;74987
EL009C1;Kalamata;58653;77975;75566;80204;81660
ES001C1;Madrid;3241919;3170109;3049634;3004017;3038433
ES002K1;Barcelona;3269849;3124346;2968592;2881235;2899499
ES003C1;Valencia;826507;768084;709545;660194;638955
ES004C1;Sevilla;729685;728990;723176;719322;728624
ES005C1;Zaragoza;693358;668527;627677;609116;607836
ES006C1;Málaga;553096;549551;544142;542126;549236
ES007C1;Murcia;443905;441209;432544;440656;462131
ES009C1;Valladolid;319480;293747;269729;247382;233258
ES010C1;Palma de Mallorca;390515;383754;382380;377218;384479
ES011C1;Santiago de Compostela;104537;108094;103402;105846;104817
ES012C1;Vitoria/Gasteiz;226730;218449;204980;196030;193024
ES013C1;Oviedo;222688;213680;199394;191769;184275
ES014C1;Pamplona/Iruña;206774;205480;202129;202450;206154
ES015C1;Santander;188552;183009;175799;168341;164441
ES016C1;Toledo;85803;85329;85254;88223;93587
ES017C1;Badajoz;152134;151838;147629;146042;145400
ES018C1;Logroño;153894;144994;135209;129313;127246
ES019K1;Bilbao;774957;749215;702958;673582;662693
ES020C1;Córdoba;340438;337914;333518;327690;327248
ES021C1;Alicante/Alacant;329458;308881;286727;268905;263463
ES022C1;Vigo;310884;307393;289502;282713;273521
ES023C1;Gijón;288929;278725;260700;253046;244304
ES026C1;A Coruña;251120;244997;229907;219546;211716
ES028C1;Reus;109650;106062;101543;101298;103286
ES030C1;Parla;97250;96844;94045;95266;98515
ES031C1;Lugo;98832;99967;95912;95874;95111
ES032C1;San Fernando;101051;102545;101937;102853;103607
ES033C1;Girona;97490;95807;92563;94373;97614
ES034C1;Cáceres;101122;105733;106396;110794;115585
ES035C1;Torrevieja;105394;105101;101062;104356;107217
ES036C1;Pozuelo de Alarcón;89167;98563;101221;114820;128591
ES037C1;Puerto de Santa María, El;97530;104682;108244;118578;126239
ES038C1;Coslada;83967;81161;77740;75683;76181
ES039C1;Avilés;91018;89677;85219;85160;83152
ES040C1;Talavera de la Reina;97642;95796;94546;94815;96306
ES041C1;Palencia;89084;86179;81037;78808;76725
ES042C1;Sant Boi de Llobregat;83547;79863;75855;73430;73985
ES043C1;Ferrol;84164;83768;78978;77609;75515
ES044C1;Pontevedra;79287;82396;79651;80028;80151
ES045C1;Ceuta;82141;97953;115094;135399;157042
ES046C1;Gandia;79683;77257;73163;72378;72760
ES047C1;Rozas de Madrid, Las;82216;88522;89693;99236;109315
ES048C1;Guadalajara;88261;87928;87361;89201;91929
ES050C1;Manresa;76459;74118;71114;70855;72547
ES053C1;Ciudad Real;81455;79909;78747;79225;79897
ES054C1;Benidorm;72835;70379;66348;65255;65523
ES055C1;Melilla;75072;97821;123191;154450;190281
ES056C1;Viladecans;61403;58211;55098;53084;53187
ES057C1;Ponferrada;72051;69235;65489;63063;61562
ES058C1;San Sebastián de los Reyes;71436;73433;72662;75895;80318
ES059C1;Zamora;74272;73192;69581;68992;67881
ES060C1;Fuengirola;63834;66706;67358;70900;72929
ES062C1;Sanlúcar de Barrameda;59803;57899;56159;54066;53082
ES063C1;Vilanova i la Geltrú;63575;61913;59543;59517;61542
ES065C1;Línea de la Concepción, La;67366;67734;66897;67169;67401
ES067C1;Majadahonda;62623;64523;63857;67263;71159
ES068C1;Torremolinos;59894;62655;63539;65868;68587
ES069C1;Castelldefels;63953;63384;61507;62752;65108
ES070C1;Irun;59629;59537;56629;56683;57207
ES071C1;Granollers;66089;64210;61641;61552;63227
ES073C1;Elda;59913;58022;54680;54103;54206
ES075C1;Mollet del Vallès;54545;52511;50120;49197;49801
ES501C1;Granada;258523;265216;265630;274203;282074
ES504C1;Móstoles;201710;195413;187153;183355;185521
ES505C1;Elche/Elx;228495;219632;206416;201122;200991
ES506C1;Cartagena;231187;234241;231876;243087;253794
ES508C1;Jerez de la Frontera;215836;224912;227867;239203;249104
ES509C1;Fuenlabrada;190975;182544;173681;167553;168642
ES510C1;San Sebastián/Donostia;197387;198348;189317;191127;193741
ES511C1;Alcalá de Henares;196790;189785;181243;176050;176920
ES512C1;Terrassa;209139;201183;191823;188176;191190
ES513C1;Leganés;187032;184679;178603;179379;187836
ES514C1;Almería;195765;200808;201417;206604;211876
ES515C1;Burgos;184654;176376;164800;158400;152773
ES516C1;Salamanca;171561;163822;153241;147253;142057
ES517C1;Alcorcón;167404;162252;155409;151282;152966
ES518C1;Getafe;157734;155096;149719;148734;155093
ES519C1;Albacete;182289;176365;172267;169782;169709
ES520C1;Castellón de la Plana/Castelló de la Plana;181657;172059;160834;153766;151750
ES521C1;Huelva;153867;155451;154222;155577;156791
ES522C1;Cádiz;133542;131779;129189;126493;124551
ES523C1;León;149572;144200;135291;131451;127454
ES525C1;Tarragona;139986;138869;134930;138834;144833
ES527C1;Jaén;117633;118831;118354;118965;120877
ES528C1;Lleida;131391;126874;121579;121054;123364
ES529C1;Ourense;121268;127994;124194;129128;129389
ES530C1;Mataró;118784;113332;107552;104183;104878
ES531C1;Dos Hermanas;128985;135812;138903;150958;165132
ES532C1;Algeciras;124122;126815;126550;130306;132628
ES533C1;Marbella;157390;184520;199983;235001;260380
ES534C1;Torrejón de Ardoz;108986;105202;100651;97539;98073
ES535C1;Alcobendas;114882;118132;116853;122394;129018
FI001K2;Helsinki / Helsingfors;947402;1017126;1078828;1153753;1215830
FI002C1;Tampere / Tammerfors;190311;190271;189987;184445;180901
FI003C1;Turku / Åbo;167235;175911;183365;185692;184401
FI004C2;Oulu / Uleåborg;121746;123860;123403;121121;117462
FI007C1;Lahti / Lahtis;98722;107363;113705;118566;119425
FI008C1;Kuopio;81463;86050;86573;86608;84522
FI009C1;Jyväskylä;121288;128658;133755;139649;141469
FR001K1;Paris;6664922;6984601;7259227;7492601;7626295
FR003C2;Lyon;1397965;1622820;1762786;1931583;2025086
FR004C2;Toulouse;813540;954770;1029129;1148333;1197494
FR006C2;Strasbourg;484426;518887;535673;549575;552748
FR007C1;Bordeaux;826839;989041;1067548;1186831;1230910
FR008C1;Nantes;675905;806388;884233;991995;1046134
FR009C1;Lille;1117035;1158957;1174361;1181582;1169589
FR010C1;Montpellier;442153;505896;548268;596725;622697
FR011C1;Saint-Etienne;422097;508634;571337;654289;714242
FR012C1;Le Havre;253728;261479;263144;262269;255548
FR013C2;Rennes;463759;578251;661816;762067;836328
FR014C2;Amiens;183173;194714;198434;202088;199276
FR016C1;Nancy;270808;283511;284585;286470;277052
FR017C2;Metz;229032;235635;235042;234646;226748
FR018C1;Reims;222206;234248;232037;231975;224655
FR019C1;Orléans;301512;353258;379658;421617;435719
FR020C2;Dijon;260482;271330;265234;264038;252623
FR021C2;Poitiers;159040;184546;196683;217748;223093
FR022C2;Clermont-Ferrand;311015;334308;337619;351286;346766
FR023C2;Caen;251026;280826;289546;309595;298960
FR024C2;Limoges;236220;252766;251460;267763;259116
FR025C1;Besançon;203702;230830;246124;272305;277730
FR026C2;Grenoble;428129;488465;525404;572511;600752
FR027C1;Ajaccio;90144;108369;121651;143079;155419
FR032C2;Toulon;437512;456097;464157;473306;472127
FR034C2;Valenciennes;203350;221176;229537;245850;249274
FR035C2;Tours;310198;339325;349090;370165;366650
FR036C2;Angers;308224;360934;393153;448856;475985
FR037C1;Brest;250714;291356;309019;340362;343979
FR038C2;Le Mans;216462;255626;279848;317702;335519
FR039C2;Avignon;193743;217860;232902;256394;267732
FR040C2;Mulhouse;278481;315694;336425;367241;379757
FR042C1;Dunkerque;205134;212787;214331;215855;212249
FR043C2;Perpignan;258249;275435;287384;294137;293315
FR044C2;Nimes;282987;383820;461272;552265;628531
FR045C2;Pau;177917;209198;224493;253354;259994
FR046C2;Bayonne;142981;162136;169385;184041;184070
FR047C2;Annemasse;79491;84214;87186;90282;89922
FR048C1;Annecy;153928;182578;201278;228888;244465
FR049C2;Lorient;228979;282653;315580;363601;385088
FR050C2;Montbelliard;138373;155802;163451;180330;180394
FR051C2;Troyes;142592;158104;160345;171750;169430
FR052C2;Saint-Nazaire;136452;159586;172823;194536;202007
FR053C1;La Rochelle;174013;199618;208840;228645;229545
FR056C1;Angoulème;149330;205297;236199;280811;302180
FR057C2;Boulogne-sur-mer;122279;128086;130008;133291;132261
FR058C2;Chambery;131203;153233;168350;190596;203079
FR059C2;Chalon-sur-Saône;130804;154605;161574;180410;183997
FR060C2;Chartres;137074;176651;204213;244275;272650
FR061C2;Niort;121575;136654;141780;155441;155006
FR062C1;Calais;101324;107019;108858;111895;110970
FR063C2;Béziers;124927;147978;163086;182387;192342
FR064C2;Arras;98474;109198;114812;124048;127160
FR065C2;Bourges;114071;127773;133110;145067;145475
FR066C1;Saint-Brieuc;137731;164998;180667;209532;218733
FR067C2;Quimper;97848;113076;120085;133049;135377
FR068C2;Vannes;163749;212570;247088;297455;328523
FR069C1;Cherbourg;97297;106561;108431;114863;109484
FR073C2;Tarbes;96806;120562;133614;158415;169143
FR074C2;Compiègne;76368;83439;86186;90484;89978
FR076C2;Belfort;113426;130290;139655;156573;160368
FR077C1;Roanne;76674;86681;92379;100688;103475
FR079C2;Saint-Quentin;84230;95965;101566;110695;112730
FR082C2;Beauvais;90302;104241;112074;124836;129982
FR084C1;Creil;77330;85970;89710;94678;95322
FR086C2;Evreux;87992;97210;102328;110287;112767
FR090C2;Châteauroux;81855;91122;95003;103185;103615
FR093C2;Brive-la-Gaillarde;111535;134020;143184;166835;169726
FR096C2;Albi;112758;160249;195467;252144;291092
FR099C1;Fréjus;90899;94516;95587;98138;97387
FR104C2;Châlons-en-Champagne;72514;80428;81391;87121;85906
FR201C1;Aubagne;105635;121244;133449;152276;163746
FR202C1;Aix-en-Provence;372862;415349;447780;494925;530247
FR203C1;Marseille;1074284;1125289;1148446;1173219;1175368
FR205C2;Nice;523242;528124;527539;520465;508072
FR206C1;CA de Sophia-Antipolis;190178;208439;218744;235470;242631
FR207C1;Lens - Liévin;254708;274991;285997;302385;307813
FR208C1;Hénin - Carvin;129767;137209;140439;146009;146049
FR209C2;Douai;151002;147388;143665;139095;133408
FR210C1;Marne la Vallée;87550;100111;112587;123466;136750
FR211C1;Versailles;186042;208262;238224;271348;300781
FR212C1;CC de la Boucle de la Seine;180388;195844;209817;226636;237373
FR213C1;Sénart en Essonne;17441;20021;22670;27775;34948
FR214C1;Valence;130300;145823;155860;168437;173296
FR215C2;Rouen;531270;581028;603171;636173;639535
FR216C1;CA Marne et Chantereine;74200;81319;89603;100297;108060
FR217C1;CA des deux Rives de la Seine;60101;61271;63724;66267;68494
FR218C1;CC des Coteaux de la Seine;36567;40316;43758;49478;53766
FR219C1;CA Europ' Essonne;134080;155848;176131;199219;218756
FR220C1;CA Brie Francilienne;58332;63598;69235;78307;86445
FR221C1;CA les Portes de l'Essonne;51638;57688;62101;68502;72014
FR222C1;CA Val et Forêt;87148;92556;97553;103624;107505
FR223C1;CC de l'Ouest de la Plaine de France;49048;62219;75309;88626;103686
FR224C1;CA le Parisis;93424;106872;118823;136756;151071
FR304C1;Melun;105464;111974;119225;128619;137578
FR305C1;Meaux;80272;87525;95683;109374;124621
FR306C1;Mantes en Yvelines;85617;90731;97294;105911;114479
FR308C1;Evry;119047;126925;134879;143943;152553
FR309C1;CA du Plateau de Saclay;107372;123697;144951;171706;192993
FR310C1;CA de Seine Essonne;61425;68099;74078;82704;95449
FR311C1;CA du Val d'Irge;130478;144548;157427;176816;190697
FR312C1;CA du Val d'Yerres;91170;98726;106705;116317;123140
FR313C1;CA Sénart - Val de Seine;85088;95577;105009;121967;135382
FR322C1;CA Val de France;140238;148362;156885;163002;168969
FR323C1;CA de la Vallée de Montmorency;114835;127000;136723;148976;157885
FR324C1;Martigues;75730;91630;101602;115072;125844
FR501C1;Argenteuil - Bezons;135757;142491;148956;154894;158470
FR504C1;Cergy-Pontoise;186029;192559;200618;207683;213815
FR505C1;Charleville-Mézières;74707;78491;77592;79626;76785
FR506C1;Colmar;103244;114394;120074;128584;130849
FR512C1;CA des Lacs de l'Essonne;52925;56573;59533;62549;64530
FR518C1;Saint-Quentin en Yvelines;145647;153353;161445;169629;177691
HR001C1;Zagreb;788983;816312;794929;804979;775555
HR002C1;Rijeka;62833;67745;67402;69255;66897
HR003C1;Slavonski Brod;40648;43946;43533;44946;43508
HR004C1;Osijek;64160;69578;68922;71613;69839
HR005C1;Split;66136;71321;71175;72676;70291
HU001C1;Budapest;1764528;1860609;1975214;2074598;2154433
HU002C1;Miskolc;160387;147556;135481;117698;103911
HU003C1;Nyíregyháza;126198;142195;145416;150183;145530
HU004C1;Pécs;153280;151617;147014;139366;129833
HU005C1;Debrecen;206369;217782;217238;213524;201430
HU006C1;Szeged;164116;165867;164241;159656;151846
HU007C1;Gyõr;132141;147598;155239;165996;173331
HU008C1;Kecskemét;117113;123601;124692;127281;124057
HU009C1;Székesfehérvár;100695;105023;106420;106887;104097
HU010C1;Szombathely;82628;85033;85011;83710;80858
IE001K1;Dublin;1416289;1529178;1538213;1655787;1763131
IE002C1;Cork;135385;143277;142126;149911;155836
IE003C1;Limerick;66170;73485;74484;83060;88727
IE004C1;Galway;101483;117017;122184;135766;145856
IE005C1;Waterford;53946;56955;56469;59565;62196
IT001C1;Roma;2433446;2744509;2937999;3157334;3281307
IT002K1;Milano;3139394;3385795;3538322;3676909;3787723
IT003K1;Napoli;3146027;3288152;3308142;3351262;3257502
IT004C1;Torino;930873;961610;968673;967004;961593
IT005C1;Palermo;664912;688221;691311;689475;669238
IT006C1;Genova;600231;609182;615355;619276;617798
IT007C1;Firenze;386851;421701;432845;450632;453699
IT008C1;Bari;308718;329629;332904;339062;329223
IT009C1;Bologna;390184;422207;445173;465110;478531
IT010C1;Catania;296769;313804;318831;325370;319411
IT011C1;Venezia;271545;282114;284563;283637;281304
IT012C1;Verona;248475;258897;263001;264749;264358
IT013C1;Cremona;66470;73841;79625;85765;90890
IT014C1;Trento;114303;131264;140049;150350;156419
IT015C1;Trieste;214789;222424;225939;223985;223126
IT016C1;Perugia;141034;157877;169295;182256;191936
IT017C1;Ancona;104879;118380;124192;133964;138536
IT019C1;Pescara;143948;169407;178384;195863;199029
IT020C1;Campobasso;58081;74511;77020;86760;88237
IT021C1;Caserta;77335;81504;83372;86578;85568
IT022C1;Taranto;176736;183042;182854;181596;174352
IT023C1;Potenza;56886;66654;65498;65279;62856
IT024C1;Catanzaro;77450;81482;81324;81336;78999
IT025C1;Reggio di Calabria;161952;178023;182099;189527;188109
IT026C1;Sassari;129706;143032;142725;142049;138163
IT027C1;Cagliari;164685;177315;174052;174017;169501
IT028C1;Padova;224126;248073;259279;276180;284620
IT029C1;Brescia;179342;188115;195282;197889;200418
IT030C1;Modena;180350;206430;226967;252153;273224
IT031C1;Foggia;120798;118020;114462;106971;100149
IT032C1;Salerno;124545;124834;123988;120558;115430
IT033C1;Piacenza;116242;136885;150328;170414;182845
IT034C1;Bolzano;116117;141148;147626;157957;162406
IT035C1;Udine;108264;117109;120503;128015;131153
IT036C1;La Spezia;89696;89611;89608;89493;88592
IT037C1;Lecce;110603;126702;132571;146491;146951
IT038C1;Barletta;89738;96477;98704;101675;99399
IT039C1;Pesaro;97758;108411;112052;118738;119967
IT040C1;Como;90245;100488;106603;114987;119937
IT041C1;Pisa;104475;125232;136073;153531;163500
IT042C1;Treviso;95918;109927;116593;129327;134428
IT043C1;Varese;89796;100459;106719;116172;120912
IT044C1;Busto Arsizio;86277;97690;104554;114794;120496
IT045C1;Asti;77435;85766;90899;97990;102555
IT046C1;Pavia;75057;85390;92113;101728;107567
IT047C1;Massa;88491;107996;116271;133426;139707
IT048C1;Cosenza;79556;92794;95461;102200;102431
IT049C1;Carrara;72519;80822;83890;89560;91116
IT050C1;Benevento;60538;62430;63713;64256;63842
IT051C1;Sanremo;42623;44382;45690;48490;50126
IT052C1;Savona;66105;71380;73721;78235;79522
IT053C1;Vigevano;64931;74354;80521;89246;94633
IT054C1;Matera;72710;99547;101834;115434;119947
IT055C1;Viareggio;64195;72383;76079;82595;84392
IT056C1;Acireale;59757;64866;66358;70757;71085
IT057C1;Avellino;60983;67045;69865;75089;75360
IT058C1;Pordenone;56351;60058;62076;64936;65969
IT059C1;Biella;52790;58185;60658;65469;67742
IT060C1;Lecco;50448;54583;56659;59187;60261
IT501C1;Messina;263162;278918;281905;289467;284515
IT502C1;Prato;201759;232971;247852;273409;283318
IT503C1;Parma;182887;204768;222506;244906;260684
IT504C1;Livorno;177451;205900;218617;240373;248441
IT505C1;Reggio nell'Emilia;160077;184963;204742;231583;250454
IT506C1;Ravenna;160501;178133;195420;215905;231374
IT507C1;Ferrara;146826;168247;184505;207593;221860
IT508C1;Rimini;160597;190681;210984;241311;259678
IT509C1;Siracusa;135512;144339;147633;153685;153277
IT511C1;Bergamo;119048;125675;129817;133173;134876
IT512C1;Forlì;123617;144393;161026;182947;198257
IT513C1;Latina;127061;145067;156061;172393;181087
IT514C1;Vicenza;124015;136312;142538;153414;157483
IT515C1;Terni;121631;140439;148333;160721;167432
IT516C1;Novara;117456;133665;143277;159491;168921
LT001C1;Vilnius;495654;451258;379792;361113;348600
LT002C1;Kaunas;356563;331446;283486;278126;273160
LT003C1;Panevežys;103265;95750;81531;80009;78572
LT004C1;Alytus;66623;61085;51411;49115;47222
LT501C1;Klaipeda;188802;174941;148598;143711;139483
LT502C1;Šiauliai;132847;128312;111525;113724;113785
LU001C1;Luxembourg;92994;122407;148091;171924;185398
LV001C1;Riga;664900;627391;553998;542754;519219
LV002C1;Liepaja;79768;76629;68408;68795;66795
LV003C1;Jelgava;69556;70951;64935;70288;70081
LV501C1;Daugavpils;110092;105973;93989;94958;90791
MT001C1;Valletta;187867;193508;195636;190316;187301
NL001C1;'s-Gravenhage;480866;495245;506841;505212;499655
NL002K1;Amsterdam;982804;1036771;1083467;1105727;1114554
NL003K1;Rotterdam;984082;1034002;1071043;1090571;1093084
NL004C1;Utrecht;289648;299963;308711;309943;308566
NL005C1;Eindhoven;213001;219207;220492;217929;210987
NL006C1;Tilburg;200174;199397;197402;189037;179787
NL007C1;Groningen;182284;184989;185890;183541;177716
NL008C1;Enschede;161248;169280;172014;176227;172413
NL009C1;Arnhem;146306;153302;155482;156617;152412
NL010C1;Heerlen;89278;87361;84212;78257;72126
NL011C1;Almere;186353;197585;207682;212870;212099
NL012C1;Breda;170000;170162;168953;162969;155042
NL013C1;Nijmegen;165008;171483;172908;173348;167673
NL014C1;Apeldoorn;155725;152489;149859;142455;133488
NL015C1;Leeuwarden;93864;95632;92819;89595;83883
NL016C1;Sittard-Geleen;104309;112582;114025;115693;111785
NL017C1;Delft;93158;96398;99024;99568;99117
NL018C1;Hilversum;88719;96955;103301;109890;112233
NL020C1;Roosendaal;84574;92622;96503;101417;101069
NL022C1;Leidschendam-Voorburg;75367;82420;87512;93735;96855
NL023C1;Purmerend;80739;86619;90973;94193;95123
NL025C1;Velsen;65716;72923;78594;84319;87342
NL026C1;Alphen aan den Rijn;71740;74125;76353;76853;76524
NL028C1;Bergen op Zoom;68146;71148;72444;73379;71591
NL029C1;Katwijk;61108;62132;63405;62871;61911
NL030C1;Gouda;74631;80468;84508;88476;89554
NL031C1;Hoorn;68523;70104;72205;71640;70645
NL032C1;Middelburg;46089;44607;42537;39424;35852
NL501C1;Haarlem;150877;160571;168324;173637;175163
NL503C1;'s-Hertogenbosch;142506;151157;154201;156251;153552
NL504C1;Amersfoort;142340;150229;156342;160634;161521
NL505C1;Maastricht;120994;121349;118208;112682;105158
NL506C1;Dordrecht;125299;140003;149774;161392;167021
NL507C1;Leiden;120224;126357;130963;133923;134038
NL508C1;Haarlemmermeer;139041;150397;160754;169869;174914
NL509C1;Zoetermeer;117973;122053;125445;126484;125617
NL511C1;Zwolle;121109;129681;133078;138480;136720
NL512C1;Ede;108592;110889;112318;111000;107311
NL513C1;Deventer;102670;110961;114665;119922;118976
NL514C1;Alkmaar;99298;107916;114667;120861;123328
NL515C1;Venlo;106804;114489;117527;120886;117337
NL516C1;Helmond;92236;101849;106075;112257;112248
NL517C1;Hengelo;88437;95721;98879;103909;103168
NL519C1;Almelo;77350;81868;83445;86224;84541
NL520C1;Lelystad;81824;94864;104033;113817;116669
PL001C1;Warszawa;1758497;1910926;1921097;1946656;1917665
PL002C1;Lódz;742787;743741;704172;669056;622269
PL003C1;Kraków;760906;827884;828350;817967;802108
PL004C1;Wroclaw;644831;685429;677591;668242;658901
PL005C1;Poznan;607000;673468;688301;694641;682799
PL006C1;Gdansk;432870;462768;463850;462149;455864
PL007C1;Szczecin;413442;444467;437871;428099;411323
PL008C1;Bydgoszcz;377039;421117;427727;435902;422666
PL009C1;Lublin;355669;382249;375829;373692;354596
PL010K1;Górnośląski Związek Metropolitalny - Katowice;1811566;1847134;1774505;1672990;1574882
PL011C1;Bialystok;296524;319754;318285;314005;298777
PL012C1;Kielce;219673;241880;237009;236695;222954
PL013C1;Torun;207069;223850;223257;221701;211754
PL014C1;Olsztyn;185781;201145;198829;198880;188738
PL015C1;Rzeszów;190084;211834;216148;220286;217008
PL016C1;Opole;117672;130222;126579;124153;119027
PL017C1;Gorzów Wielkopolski;135222;152435;155924;159979;159347
PL018C1;Zielona Góra;123434;133722;133179;133538;129537
PL019C1;Jelenia Góra;87060;91606;90351;89077;87666
PL020C1;Nowy Sacz;88717;99124;100901;103956;103821
PL021C1;Suwalki;82814;103505;111131;121725;122580
PL022C1;Konin;82518;91716;93854;94978;93636
PL023C1;Zory;51383;52069;50234;48083;45886
PL024C1;Czestochowa;240117;248536;240939;234188;223565
PL025C1;Radom;224596;243915;247769;254287;254526
PL026C1;Plock;129213;142889;146760;151812;154397
PL027C1;Kalisz;118782;144825;159080;172754;179949
PL028C1;Koszalin;113073;120681;118696;116328;111350
PL029C1;Slupsk;113959;129685;132419;138707;139105
PL030C1;Jastrzebie-Zdrój;73183;68509;63330;56760;51915
PL031C1;Siedlce;90473;106016;111369;121765;124954
PL032C1;Piotrków Trybunalski;92646;105812;106274;114020;112340
PL033C1;Lubin;84822;95954;97617;101009;102802
PL034C1;Pila;96738;124250;137434;152047;159122
PL035C1;Inowroclaw;94482;117103;125962;136966;138801
PL036C1;Ostrowiec Swietokrzyski;85021;96096;94838;98608;93299
PL037C1;Gniezno;90301;116308;129645;146113;153738
PL038C1;Stargard Szczecinski;76559;92366;98878;105071;108855
PL039C1;Ostrów Wielkopolski;83646;96671;101219;106222;106333
PL040C1;Przemysl;72324;80193;81533;83400;81627
PL041C1;Zamosc;77844;90253;91148;96419;93734
PL042C1;Chelm;82360;97796;99780;107599;105509
PL043C1;Pabianice;73312;77208;74811;74497;70809
PL044C1;Glogów;75749;82119;81373;82170;81075
PL045C1;Stalowa Wola;71407;79941;81281;81961;80497
PL046C1;Tomaszów Mazowiecki;70706;70892;66547;63991;59867
PL047C1;Lomza;75660;91514;96318;103389;102697
PL048C1;Leszno;84368;108753;120881;136253;142876
PL049C1;Swidnica;68277;76502;76995;79618;79814
PL050C1;Zgierz;66953;79609;81630;88602;88407
PL051C1;Tczew;69158;78039;79527;82633;83090
PL052C1;Elk;70141;81995;84355;90380;88535
PL501C1;Gdynia;253529;267493;264523;259639;252727
PL506C1;Bielsko-Biala;171454;173120;166771;160098;151773
PL508C1;Rybnik;129206;130069;124646;120402;113956
PL511C1;Walbrzych;128913;136483;134389;134517;132160
PL512C1;Elblag;154439;175603;178451;187652;181867
PL513C1;Wloclawek;131881;144798;145794;148854;143125
PL514C1;Tarnów;134896;160313;168402;180655;185444
PL516C1;Legnica;119867;137978;142439;151840;156529
PL517C1;Grudziadz;115270;132052;135458;142593;139438
PT001K1;Lisboa;1727159;1734259;1748176;1771775;1781515
PT002K1;Porto;981263;994404;956162;932969;841795
PT003C1;Braga;174168;168062;158442;147745;131334
PT005C1;Coimbra;140880;140115;133730;131324;121683
PT006C1;Setúbal;114406;111344;110752;109117;108257
PT008C1;Aveiro;76978;76876;73313;72149;66793
PT009C1;Faro;61464;61642;62295;64564;65493
PT014C1;Viseu;97925;95163;92325;89971;84381
PT016C1;Viana do Castelo;96254;94538;89036;86672;77742
PT017C1;Paredes;87964;84360;77527;73868;65386
PT019C1;Póvoa de Varzim;72364;73690;70479;70248;63505
PT501C1;Sintra;394192;391603;393414;395110;395810
PT505C1;Guimarães;160191;153091;142618;133711;118486
PT508C1;Vila Franca de Xira;124511;121559;122084;121938;122064
RO001C1;Bucuresti;1889923;1865039;1825815;1775544;1721067
RO002C1;Cluj-Napoca;305940;306959;308000;306453;300901
RO003C1;Timisoara;303129;289440;279380;264638;248056
RO004C1;Craiova;303315;277989;267098;256655;237999
RO005C1;Braila;212189;190954;183914;177067;167574
RO006C1;Oradea;206790;211980;215802;220089;218957
RO007C1;Bacau;172045;153834;151302;144594;135451
RO008C1;Arad;169566;170527;171540;173807;171523
RO009C1;Sibiu;151414;144253;140969;136884;130867
RO010C1;Târgu Mures;136563;129886;127093;122773;117414
RO011C1;Piatra Neamt;103481;91949;89844;85267;79611
RO012C1;Calarasi;65068;65654;65022;65160;64329
RO013C1;Giurgiu;60275;61760;61743;63258;63228
RO014C1;Alba Iulia;66910;66592;68097;71650;73432
RO015C1;Focsani;99645;88758;84848;80642;75641
RO016C1;Târgu Jiu;101728;95549;92899;92052;86581
RO017C1;Tulcea;92435;83267;80326;77520;73434
RO018C1;Târgoviste;90479;90968;89902;89545;87946
RO019C1;Slatina;79028;73016;70418;68385;63712
RO020C1;Bârlad;72746;66383;66380;65686;62190
RO021C1;Roman;70586;64629;64664;63998;60831
RO022C1;Bistrita;86603;90322;92898;96484;96928
RO501C1;Constanta;304491;270991;259443;246375;230792
RO502C1;Iasi;313316;284885;283567;278325;263146
RO503C1;Galati;290776;258018;246080;232617;217233
RO504C1;Brasov;292303;290466;294500;304563;307116
RO505C1;Ploiesti;239268;243752;242930;244844;241821
RO506C1;Pitesti;168233;166697;163529;159362;154973
RO507C1;Baia Mare;140367;136346;132596;126656;119320
RO508C1;Buzau;133261;120573;116722;113363;107754
RO509C1;Satu Mare;120406;123657;124462;126996;124895
RO510C1;Botosani;120422;109845;109618;108052;102322
RO511C1;Râmnicu Vâlcea;116456;110752;108656;109126;103424
RO512C1;Suceava;116012;110878;114769;120069;117870
RO513C1;Drobeta-Turnu Severin;111952;104239;101348;99569;93329
SE001K1;Stockholm;1542590;1777321;2022617;2231881;2415591
SE002C1;Göteborg;512985;538944;566109;580219;592337
SE003C1;Malmö;300698;314327;331402;338606;353138
SE004C1;Jönköping;124162;128831;131192;133808;138823
SE005C1;Umeå;119273;129309;131931;137099;138546
SE006C1;Uppsala;197900;210217;225195;238836;256435
SE007C1;Linköping;145048;153938;162972;168182;175003
SE008C1;Örebro;135071;140875;147582;151012;154296
SE501C1;Västerås;141373;153773;166394;180153;191778
SE502C1;Norrköping;130891;140894;150754;158330;165279
SE503C1;Helsingborg;134196;148278;162588;175719;187486
SE504C1;Lund;112698;121772;131797;140770;152417
SE505C1;Borås;109701;123667;136607;151840;162814
SI001C1;Ljubljana;240446;271974;292625;319271;340212
SI002C1;Maribor;110965;122086;118623;122689;116692
SK001C1;Bratislava;419399;449659;466189;473717;480214
SK002C1;Košice;240282;255977;259348;257791;252134
SK003C1;Banská Bystrica;80333;85575;85365;82825;79291
SK004C1;Nitra;84229;87674;87146;83397;79028
SK005C1;Prešov;91241;97233;98171;97035;94284
SK006C1;Žilina;88229;94557;95074;93652;89869
SK007C1;Trnava;67330;68747;67740;63499;59611
SK008C1;Trencín;55667;59586;60297;58562;56304
UK001K2;London;7691552;8028881;8380258;8416920;8598903
UK002K1;Birmingham;2373832;2472072;2546652;2587433;2637712
UK003C1;Leeds;781217;822979;853364;885913;910378
UK004C1;Glasgow;604016;607236;609211;606265;599896
UK005C1;Bradford;505366;529933;549113;567898;582553
UK006K1;Liverpool;1051146;1066881;1078854;1062011;1064194
UK007C1;Edinburgh;455811;462785;471526;466077;468819
UK008K1;Greater Manchester;2640826;2753358;2818903;2892115;2936350
UK009C1;Cardiff;335282;335994;334519;327706;323126
UK010C1;Sheffield;539446;550865;560968;558805;563965
UK011C1;Bristol;434782;454712;469027;475177;481399
UK012C1;Belfast;298061;308188;307583;303248;299566
UK013K1;Tyneside conurbation - Newcastle upon Tyne;822818;846827;861352;873103;877306
UK014K1;Leicester;461153;476359;489614;489491;495785
UK015C1;Derry;111349;117088;119179;121957;122646
UK016C1;Aberdeen;235093;260831;279268;297545;311164
UK017C1;Cambridge;116572;118187;119563;116355;116184
UK018C1;Exeter;121505;127475;129025;131248;131498
UK019C1;Lincoln;95452;100276;102090;104542;105279
UK020C1;Gravesham;100078;111388;121183;129979;141291
UK021C1;Stevenage;83097;89726;95073;98811;102321
UK022C1;Wrexham;138300;146816;151509;158912;161849
UK023K1;Portsmouth;512054;550122;583869;602228;626475
UK024C1;Worcester;96212;100363;103471;104712;106733
UK025C1;Coventry;310221;317663;325061;324534;328633
UK026C1;Kingston-upon-Hull;271406;282637;289471;295559;299047
UK027C1;Stoke-on-trent;243037;250988;257765;258391;262837
UK029K1;Greater Nottingham;633597;657205;679404;688171;702895
UK030C1;Wirral;317316;329244;336224;337297;341276
UK031C1;Bath and North East Somerset;178510;193453;206068;217864;226802
UK032C1;Thurrock;150943;166912;182906;196904;214656
UK033C1;Guildford;148979;178633;200143;231249;261326
UK034C1;Thanet;137106;154244;169255;184837;196505
UK035C1;Nuneaton and Bedworth;123246;131241;137524;143089;148534
UK038C1;Waveney;123330;132075;138695;143928;148815
UK040C1;Tunbridge Wells;113940;131858;145009;159361;171664
UK041C1;Ashford;107440;124275;142539;161587;177107
UK043C1;East Staffordshire;110772;119701;128019;137042;145690
UK044C1;Darlington;101241;103769;104687;105155;105337
UK045C1;Worthing;108841;121480;130605;140262;146840
UK046C1;Mansfield;105094;114386;120477;129063;133918
UK047C1;Chesterfield;102259;109082;114321;118458;122271
UK050C1;Burnley;86633;90479;93096;95859;97858
UK051C1;Great Yarmouth;101258;108909;113703;118320;121753
UK052C1;Woking;99686;114729;125748;138145;150433
UK053C1;Hartlepool;91268;93488;94451;94806;94833
UK054C1;Cannock Chase;100611;109718;115402;122400;127334
UK055C1;Eastbourne;101614;111554;119189;126522;132168
UK056C1;Hastings;93407;103932;111663;120072;125892
UK057C1;Hyndburn;81080;84277;86658;88945;90945
UK059C1;Redditch;82743;90086;94589;100426;104455
UK060C1;Tamworth;77238;81155;84040;86031;88214
UK061C1;Harlow;80151;86783;92508;96428;101779
UK062C1;Halton;120219;127117;131189;136485;139634
UK501C1;Kirklees;395739;419489;438492;460461;477232
UK502C1;North Lanarkshire;321577;330638;337459;344001;345543
UK503C1;Wakefield;322626;346873;364276;385815;401892
UK506C1;Doncaster;292701;314378;330633;350109;365260
UK510C1;Sunderland;284363;292857;298779;303332;305420
UK513C1;Medway;256167;277944;298160;312397;328623
UK514C1;Rotherham;251403;263939;273926;280840;288932
UK515C1;Brighton and Hove;256148;274663;290279;300992;309985
UK516C1;Plymouth;266042;276383;278295;280277;279384
UK517C1;Swansea;248818;261730;267641;278516;282059
UK518C1;Derby;250232;263739;273213;281771;287677
UK519C1;Barnsley;219695;231900;242207;250895;260025
UK520C1;Southampton;242581;263422;279797;293541;303914
UK525C1;Milton Keynes;247325;286075;316910;355231;385288
UK528C1;Northampton;215039;230059;239684;249022;255666
UK531C1;Warrington;197219;208141;216095;225897;232435
UK532C1;Luton;194981;212628;226109;237959;247170
UK533C1;York;194243;203984;211893;219758;226503
UK535C1;Swindon;196465;207759;216930;222893;228208
UK536C1;Stockton-on-Tees;192152;197943;200086;202151;202520
UK538C1;Basildon;177175;194597;209425;222984;237546
UK539C1;Bournemouth;172571;181634;184668;185908;186807
UK540C1;Wycombe;166148;190744;209444;232727;253115
UK541K1;Southend-on-Sea;259412;280708;297834;308057;320021
UK542C1;Telford and Wrekin;171028;186155;197576;211377;222215
UK543C1;North East Lincolnshire;163210;172288;178906;185421;190851
UK544C1;Chelmsford;170619;195991;219570;245197;271935
UK545C1;Peterborough;183463;199090;208538;218246;225810
UK546C1;Colchester;168860;192300;216629;241676;260879
UK548C1;Basingstoke and Deane;166566;193320;220237;255413;283706
UK549C1;Bedford;161479;188181;215618;247660;277462
UK550C1;Dundee City;156771;165594;171519;177649;181695
UK551C1;Falkirk;152822;168717;180914;197178;207410
UK552K1;Reading;325062;373779;413608;466481;510651
UK553C1;Blackpool;148285;152504;154934;156235;156881
UK554C1;Maidstone;155961;182902;209408;240786;269775
UK555C1;Poole;154486;167499;172748;179123;182173
UK556C1;Dacorum;148490;168450;184380;202803;223761
UK557C1;Blackburn with Darwen;143147;148239;152015;155554;158394
UK558C1;Newport;152301;160535;164322;171291;174158
UK559C1;Middlesbrough;144586;148635;150069;151269;151113
UK560C1;Oxford;149357;165585;178368;191076;202406
UK561C1;Torbay;141152;150488;153348;157261;158475
UK562K1;Preston;245754;256892;265568;274065;280698
UK563C1;St Albans;141842;163279;181065;203418;228522
UK564C1;Warwick;142730;153845;162243;172123;180791
UK565C1;Newcastle-under-Lyme;127637;137429;145525;153407;161043
UK566C1;Norwich;136887;143669;147624;149557;151395
UK567C1;Slough;121248;128628;135828;137956;143618
UK568C2;Cheshire West and Chester;210181;220831;229862;240188;248374
UK569C1;Ipswich;131533;138966;143327;146501;148920
UK571C1;Cheltenham;118765;128616;134606;140904;145180
UK572C1;Gloucester;121807;131299;136976;142342;146197
UK573C1;Bracknell Forest;121012;138150;151705;167033;183335
UK574C1;Lisburn;127148;136861;141673;147488;150701
UK575C1;Carlisle;105587;105957;109272;108485;111239
UK576C1;Crawley;108377;121431;131444;142564;151136
